{
    "0.9_1.1": [1.0014361321896568, 1.223074613222638e+9],
    "1.1_1.3": [1.2001141613299382, 1.433150315080976e+9],
    "1.3_1.5": [1.3993377798052775, 1.5961638432599097e+9],
    "1.5_1.8": [1.6454681264838669, 2.6103227289044418e+9]
}
