{
    "0.9_1.1": [1.00303, 1.223074613222638e+9],
    "1.1_1.3": [1.2023533211130162, 1.433150315080976e+9],
    "1.3_1.5": [1.4016138898952246, 1.5961638432599097e+9],
    "1.5_1.8": [1.651790021193131, 2.6103227289044418e+9]
}
