{
    "h": 0.72000000,
    "Omega_m": 0.275077160,
    "Omega_b": 0.043557099,
    "Omega_r": 0.000080763,
    "Omega_k": 0.0,
    "Omega_DE": 0.724842077,
    "w": -1.2000000,
    "n_s": 0.96300000,
    "sigma8": 0.85205174,
    "Pk_filename": "pk_wcdmw7v2.dat"
}
