{
    "0.9_1.1": [1.0013592787933898, 1.223074613222638e+9],
    "1.1_1.3": [1.2001494177460954, 1.433150315080976e+9],
    "1.3_1.5": [1.3994002109175439, 1.5961638432599097e+9],
    "1.5_1.8": [1.6454058820006927, 2.6103227289044418e+9]
}
